author_set,quantity
"coy streich, keeley hand, lela emard",159
benjamin mills,156
karisa kozey,150
"clyde jacobson, mohamed dach",148
jeffry nolan ret.,143
zackary carter,141
ms. kami prosacco,138
sook halvorson,135
jaleesa breitenberg dvm,131
"era hodkiewicz, jeffery leuschke phd, miss bok barrows",127
"moshe wilderman, norberto kohler",125
kizzie purdy,120
"lakenya boyer iv, louanne cruickshank",118
johnny russel,116
korey rice v,115
prof. remedios powlowski,114
rep. vern turcotte,113
susannah tremblay dc,111
"era hodkiewicz, frederick klocko cpa, jeffery leuschke phd, miss bok barrows",109
myrtis corwin,109
"benedict steuber, jon hettinger dvm, randal mccullough",102
"dr. emmaline ritchie, moshe wilderman, norberto kohler",102
kristeen kessler cpa,100
miss wade lebsack,99
elvina nader,96
garth marvin,96
ted rutherford,95
yuette parker,94
lonnie hilpert,94
caroyln wilderman,93
albert lehner ret.,92
zoila christiansen,92
"prof. augustus konopelski, sen. amber roberts",91
"miss wade lebsack, reginia weissnat",90
ozzie jast,90
"dylan upton, fredda brekke, vernice emard",90
"antione o'reilly, josette nikolaus dc",90
mrs. jessie brekke,88
kylee smith,87
"amb. elia lebsack, bernard bayer, edmundo oberbrunner",87
hortencia wunsch,86
carin christiansen,85
antonio lindgren,84
kirsten schaefer,82
rossana cruickshank,82
jermaine wehner,82
mr. dominque becker,81
"damian gulgowski, hal nitzsche",81
barb lynch,79
richie gislason,76
rosann wolf vm,75
brandi cole,75
farah rohan ii,73
shirlene toy,73
alina collier esq.,71
terrance schneider,70
rosalva beer,69
jerrold bogan lld,68
"enrique gislason, glenna huel, sean harvey iii",68
laronda kuhn,67
"garth heidenreich, lavon langosh, msgr. juan beer",67
hoyt jacobson iii,67
"jae bogisich, lonnie hilpert",66
"alphonso gulgowski, mercedez welch",66
"lawrence hauck, sean kassulke",66
"guadalupe batz ret., kristeen kessler cpa, malorie glover, paula rolfson",65
"beverly mcdermott, pedro bradtke",65
rico zemlak,64
fletcher upton,64
franklyn stokes vm,64
donovan bins,64
sean harvey iii,64
"kirk treutel, klara runolfsdottir sr.",64
lesli bernier iii,63
miss ward farrell,63
"kirk treutel, klara runolfsdottir sr., lonnie hilpert",63
cruz abshire md,62
amb. amberly beatty,62
dr. pat kunze,62
cristin deckow iii,62
marlin kuvalis,62
matthew boehm,62
timothy murazik,61
"julius barrows, tamika hayes",61
angel kuhic,61
casey bode,61
boris schowalter cpa,61
timmy corwin,61
anton moen,60
cleo predovic,60
candis ledner sr.,60
the hon. terence klocko,60
"rosann wolf vm, sean kassulke",59
sen. leta berge,59
reginia weissnat,59
pedro bradtke,57
travis von,56
msgr. marjorie koepp,56
sonny bogan,56
nick ziemann,55
"curtis rohan, rocky erdman",55
kasey effertz,55
teresia fisher,55
shanelle upton,55
roman koss,55
"anton toy, veronique carter",54
"isabelle boehm, lamar kautzer, raymundo aufderhar",54
"dominque fisher, leigh bednar",54
julia bartoletti,53
"adelia lind, floyd cassin iii",53
miss jesus pfannerstill,53
myrl miller,52
mohamed dach,52
"alysa pouros esq., amb. amberly beatty",52
frederick klocko cpa,52
the hon. kylee rempel,52
"catarina gleason, lilla gislason dc, msgr. mohammed buckridge",51
carroll schultz,51
cordell ritchie,51
wendell zboncak,50
amb. nannie labadie,49
"kylee smith, zoila christiansen",49
trevor turner,49
sanjuana bernier,48
amos romaguera jr.,48
"hue ondricka i, lewis boehm, yesenia raynor dds",48
"charlsie cummerata, laureen herzog, rep. bridgett rosenbaum",48
earnest glover,47
chara morissette,46
beverly mcdermott,46
gov. crystle klocko,46
"franklyn stokes vm, timmy corwin",46
sen. geri mann,45
"ja ankunding ii, joseph raynor",45
"elmer parker, mireya schroeder",44
floyd cassin iii,44
sean kassulke,44
"roman koss, sook halvorson",44
"blair casper, ms. rodger hoppe",44
pres. donya west,43
les rogahn,43
"enrique gislason, glenna huel",42
elenor langosh,42
fr. dick spinka,42
"catrina roob phd, delois koss, sid oberbrunner",41
latrina kuphal,41
felicita white do,41
lawrence hauck,41
"the hon. kylee rempel, tomasa kozey",41
reid rice,41
lakenya boyer iv,40
mitch gusikowski,40
"darius mohr, kevin mayer, kimberely kutch",40
salvatore mills,40
alec ziemann,39
josette nikolaus dc,39
odell willms,38
dr. deb kemmer,38
leighann o'connell,38
sue stark,38
allan dickinson,38
selena schroeder,37
irmgard bogan i,37
marlon casper,36
carolyn yost,36
bennett raynor,36
reuben mayert,36
robby powlowski,36
"haley nader, shanta price",36
elmer parker,36
roland murray,35
dominique sipes,35
"alina collier esq., darius mohr, kevin mayer, kimberely kutch",34
zachary ryan,34
jimmie harvey,34
"nick ziemann, zackary carter",34
veronique carter,34
"alina collier esq., dennis heaney, soledad hickle",34
"anton toy, tabetha johnston",33
dr. emmaline ritchie,33
"clyde jacobson, jerald raynor",33
"boyce hoeger, marlon casper",33
valery schimmel,32
gonzalo macejkovic,32
mireya schroeder,32
mellie williamson,32
"merrill marks, renee rogahn",32
msgr. mohammad koelpin,31
"phil hettinger ret., verna skiles",30
"franklyn stokes vm, ja ankunding ii, joseph raynor",30
lakesha mccullough,30
danilo zieme,30
rocky erdman,30
boyce hoeger,30
billy dare,30
"charlsie cummerata, laureen herzog, rep. bridgett rosenbaum, richie gislason",30
maura kuvalis dc,30
sen. jackson gutmann,29
"sen. jackson gutmann, shelby willms iv",29
"deborah grant, roman osinski sr., shanti hand",28
"korey rice v, rico zemlak",28
prof. augustus konopelski,28
ria senger,28
louanne cruickshank,27
quintin o'kon,27
"amb. elia lebsack, bernard bayer, edmundo oberbrunner, jerry cormier",27
clyde jacobson,27
"brandi cole, veronique carter",26
verna skiles,25
abigail reynolds,25
beatris upton,25
tabetha johnston,25
pres. shana block,25
bob treutel dds,24
"hue ondricka i, lewis boehm, rosalva beer, yesenia raynor dds",24
raul hoppe,23
elias o'kon,23
phil hettinger ret.,23
"alphonso gulgowski, josette nikolaus dc, mercedez welch",23
josue grady,23
"roland murray, selena schroeder",23
edith barrows,22
"dennis heaney, soledad hickle",22
elliot monahan,22
bobbie bernier,22
ambrose ankunding,22
billie ernser,21
adelia lind,21
antione o'reilly,21
emile koepp do,21
joana botsford,20
luigi parker,20
pres. ariel runte,20
jerry cormier,19
matthew turner,19
elane miller,19
"adell considine, leana feil, sen. vonnie jerde",19
"dylan upton, fredda brekke, mitch gusikowski, vernice emard",18
"cheree welch, dianne jakubowski",18
refugio zboncak phd,18
jae bogisich,18
"gov. boyce franecki, odell treutel",16
"cornell murazik, mr. terrell sawayn",16
gov. wally wintheiser,15
tyson beer,15
andreas mohr,15
anton toy,15
"darius mohr, kevin mayer, kimberely kutch, miss jesus pfannerstill",15
rev. alix langworth,15
"kirsten schaefer, mitch gusikowski",15
kathey gorczany,15
jerald raynor,14
msgr. leslie mcclure,14
sen. amber roberts,14
curtis rohan,13
"billie ernser, isabelle boehm, lamar kautzer, raymundo aufderhar",13
tegan runolfsdottir,13
haywood wyman,13
"farah rohan ii, mitch gusikowski",12
tory dare v,11
"leighann o'connell, travis von",11
"guadalupe batz ret., malorie glover, paula rolfson",10
alysa pouros esq.,10
tomasa kozey,10
freddie weissnat,9
shelby willms iv,9
joe schultz,8
manuel murray,5
